content,channel,customer_label,source_ref
"The new Smart Shuffle feature is awful — it keeps playing the same 4 songs on repeat instead of discovering new tracks.",APP_STORE,iOS Premium User,AS-901
"Offline downloads keep corrupting when I switch between Wi-Fi and 5G. I lost 400 downloaded tracks before my flight.",SUPPORT_TICKET,Spotify Family Tier,ZD-4819
"The lyrics sync feature is fantastic! Real-time scrolling with zero delay makes karaoke so much fun.",COMMUNITY,Power Listener,FORUM-102
"Why can't I search within collaborative playlists anymore on Android? Huge regression in the latest update.",APP_STORE,Android Beta Tester,PLAY-883
"Customer wants Enterprise team audio subscription for 500 employee co-working spaces with centralized billing.",SALES_CALL,Prospect - WeWork Corporate,DEAL-504
"The desktop app is using 2.5 GB of RAM when playing lossless audio in the background. Please fix memory leak.",SUPPORT_TICKET,MacOS Desktop User,ZD-5012
"Podcast recommendations are completely irrelevant — I listen to tech news but my homepage is filled with celebrity gossip.",NPS_SURVEY,Daily Commuter,NPS-771
"Family Plan admin controls should allow setting explicit content filters per individual kid account.",SUPPORT_TICKET,Family Plan Manager,ZD-5201
"CarPlay interface is super clean and responsive. Big touch buttons make driving and switching playlists safe.",APP_STORE,5-Star Reviewer,AS-918
"Annual subscription receipt does not show tax breakdown required for business expense reimbursement.",SUPPORT_TICKET,Freelance Creator,ZD-5310
"The equalizer presets make my Sony WH-1000XM5 headphones sound incredible. Best audio processing update yet!",COMMUNITY,Audiophile Group,FORUM-221
"DJ AI voice speaks too frequently between songs and interrupts the party vibe. Need a toggle to reduce chatter.",NPS_SURVEY,Student Premium,NPS-810
"Unable to update billing credit card — form gets stuck on 3DS verification spinning wheel on mobile web.",SUPPORT_TICKET,Premium Subscriber,ZD-5420
"Canvas video loops on lockscreen drain battery much faster than standard album art. Please add low-power mode toggle.",APP_STORE,iPhone 13 User,AS-934
"Hi-Res Lossless FLAC tier — when is it finally launching? Apple Music and Tidal already have it for the same price.",COMMUNITY,HiFi Audio Enthusiast,FORUM-305
